{
	"name": "Merling",
	"description": "These natural inhabitants of the ocean are not used to being out of the water for too long.",
	"powers": [
		"origins:water_breathing",
		"sub_origins:false/water_vision",
		"origins:aqua_affinity",
		"sub_origins:false/swim_speed",
		"sub_origins:false/like_water",
		"origins:aquatic",
		"origins:conduit_power_on_land",
		"origins:air_from_potions"
	],
	"icon": {
		"item": "minecraft:cod"
	},
	"order": 0,
	"impact": 3,
	"loading_priority": 10
}