{
	"type": "origins:conditioned_attribute",
	"modifiers": [
		{
			"attribute": "minecraft:generic.armor",
			"operation": "addition",
			"value": 10,
			"name": "Shell Damage Protection on sneaking"
		},
		{
			"attribute": "minecraft:generic.knockback_resistance",
			"operation": "addition",
			"value": 1,
			"name": "Shell Knockback Protection on sneaking"
		}
	],
	"tick_rate": 1,
	"condition": {
		"type": "origins:and",
		"conditions":[
			{
				"type": "origins:sneaking"
			},
			{
				"type": "origins:swimming",
				"inverted": true
			}
		]
	},
	"name": "Shielded",
	"description": "A sturdy shell which gives you protection from damage and knockback when crouching."
}