{
    "type": "origins:conditioned_attribute",
    "modifier": {
        "attribute": "generic.movement_speed",
        "operation": "addition",
        "value": -0.05
    },
    "condition": {
      "type": "origins:or",
      "conditions": [
        {
          "type": "origins:fluid_height",
          "fluid": "minecraft:water",
          "comparison": ">",
          "compare_to": 0.0
        },
        {
          "type": "origins:status_effect",
          "effect": "minecraft:conduit_power"
        },
        {
          "type": "origins:and",
          "conditions": [
            {
              "type": "origins:or",
              "conditions": [
                {    
                  "type": "origins:status_effect",
                  "effect": "minecraft:speed"
                },
                {
                  "type": "origins:in_rain"
                }
              ]
            },
            {    
              "type": "origins:status_effect",
              "effect": "minecraft:slowness",
              "inverted": true
            }
          ]
        }
      ],
      "inverted": true
    },
    "tick_rate": 1,
    "name": "Water Legs",
    "description": "Your legs are better fitted for water and so you swim faster, but you are not so fitted for land and so you walk and run much slower."
}