{
    "display": {
        "title": {
            "text": "OP Haxe"
        },
        "description": {
            "text": "Obtain a Netherite Axe"
        },
        "icon": {
            "item": "minecraft:netherite_axe"
        },
        "frame": "challenge",
        "show_toast": true,
        "announce_to_chat": true,
        "hidden": false
    },
    "criteria": {
        "has_axe": {
            "trigger": "minecraft:inventory_changed",
            "conditions": {
                "items": [{
                    "items": [
                        "minecraft:netherite_axe"
                    ]
                }]
            }
        }
    },
    "requirements": [
        [
            "has_axe"
        ]
    ]
}