{
    "display": {
        "title": {
            "text": "Totem!"
        },
        "description": {
            "text": "Obtain a Totem of Undying"
        },
        "icon": {
            "item": "minecraft:totem_of_undying"
        },
        "frame": "challenge",
        "show_toast": true,
        "announce_to_chat": true,
        "hidden": false
    },
    "criteria": {
        "has_totem": {
            "trigger": "minecraft:inventory_changed",
            "conditions": {
                "items": [{
                    "items": [
                        "minecraft:totem_of_undying"
                    ]
                }]
            }
        }
    },
    "requirements": [
        [
            "has_totem"
        ]
    ]
}