{
    "impact": 2,
    "name": "Woolian",
    "description": "You're half-sheep! You produce a comfortable wool, however be warned as it makes you overheat and catch fire easily while your wool is fully grown!",
    "icon": "minecraft:white_wool",
    "powers": [
        "woolorigin:woolresource",
        "woolorigin:woolshear",
        "woolorigin:dyeself",
        "woolorigin:comfyaura",
        "woolorigin:herbivorediet",
        "woolorigin:woolarmor",
        "woolorigin:flammable",
        "woolorigin:dampwool",
        "woolorigin:woolexhaust",
        "woolorigin:uninsulated",
        "woolorigin:onblack",
        "woolorigin:onblue",
        "woolorigin:onbrown",
        "woolorigin:oncyan",
        "woolorigin:ongray",
        "woolorigin:ongreen",
        "woolorigin:onlightblue",
        "woolorigin:onlightgray",
        "woolorigin:onlime",
        "woolorigin:onmagenta",
        "woolorigin:onpink",
        "woolorigin:onpurple",
        "woolorigin:onred",
        "woolorigin:onwhite",
        "woolorigin:onyellow",
        "woolorigin:onorange",
        "woolorigin:flammablewoolless",
        "woolorigin:wolfchow",
        "woolorigin:woolcolorblack",
        "woolorigin:woolcolorblue",
        "woolorigin:woolcolorbrown",
        "woolorigin:woolcolorcyan",
        "woolorigin:woolcolorgray",
        "woolorigin:woolcolorgreen",
        "woolorigin:woolcolorlightblue",
        "woolorigin:woolcolorlightgray",
        "woolorigin:woolcolorlime",
        "woolorigin:woolcolormagenta",
        "woolorigin:woolcolororange",
        "woolorigin:woolcolorpink",
        "woolorigin:woolcolorpurple",
        "woolorigin:woolcolorred",
        "woolorigin:woolcolorwhite",
        "woolorigin:woolcoloryellow",
        "woolorigin:hudcolorblack",
        "woolorigin:hudcolorblue",
        "woolorigin:hudcolorbrown",
        "woolorigin:hudcolorcyan",
        "woolorigin:hudcolorgray",
        "woolorigin:hudcolorgreen",
        "woolorigin:hudcolorlightblue",
        "woolorigin:hudcolorlightgray",
        "woolorigin:hudcolorlime",
        "woolorigin:hudcolormagenta",
        "woolorigin:hudcolororange",
        "woolorigin:hudcolorpink",
        "woolorigin:hudcolorpurple",
        "woolorigin:hudcolorred",
        "woolorigin:hudcolorwhite",
        "woolorigin:hudcoloryellow",
        "woolorigin:customfood/customfoodconsume",
        "woolorigin:customfood/customfooddecay",
        "woolorigin:customfood/customfoodhaseatenbool",
        "woolorigin:customfood/customfoodprime",
        "woolorigin:customfood/customfoodprime1",
        "woolorigin:customfood/customfoodprime2",
        "woolorigin:customfood/customfoodresource"
    ],
    "order": 1,
    "unchoosable": false
}