{
    "type": "origins:active_self",
	"name": "Gift of the Gales",
    "description": "Trying to jump while flying with your Elytra will provide you with a small forward boost.",
    "loading_priority": 10,
    "entity_action": {
        "type": "origins:and",
        "actions": [
            {
                "type": "origins:add_velocity",
                "z": 0.8,
                "space": "local"
            },
            {
                "type": "origins:execute_command",
                "command": "playsound minecraft:entity.firework_rocket.launch master @s ~ ~ ~ 1 1",
                "permission_level": 4
            },
            {
                "type": "origins:exhaust",
                "amount": 3
            }
        ]
    },
    "condition": {
        "type": "origins:and",
        "inverted": false,
        "conditions": [
            {
                "type": "origins:fall_flying",
                "inverted": false
            },
            {
                "type": "origins:food_level",
                "inverted": false,
                "comparison": ">",
                "compare_to": 6
            }
        ]
    },
    "cooldown": 60,
    "hud_render": {
        "should_render": true,
        "bar_index": 4,
        "sprite_location": "origins:textures/gui/resource_bar.png"
    },
    "key": {
        "key": "key.jump",
        "continuous": false
    }
}