{
  "type": "origins:modify_damage_taken",
  "modifier": {
    "name": "More kinetic damage taken",
    "value": 1.0,
    "operation": "multiply_base"
  },
  "damage_condition": {
    "type": "origins:or",
    "conditions": [
      {
        "type": "origins:name",
        "name": "fall"
      },
      {
        "type": "origins:name",
        "name": "flyIntoWall"
      }
    ]
  },
  "name": "Fragile Bones",
  "description": "You take double damage from falling and flying into blocks."
}