{
	"type": "origins:multiple",
	"meter": {
		"type": "origins:resource",
		"min": 0,
		"max": 400,
		"start_value": 400,
		"hud_render": {
			"should_render": true,
			"sprite_location": "origins:textures/gui/community/spiderkolo/resource_bar_03.png",
			"bar_index": 12
		}
	},
	"update": {
		"type": "origins:action_over_time",
		"interval": 1,
		"entity_action": {
			"type": "origins:if_else",
			"condition": {
				"type": "origins:power_active",
				"power": "origins:phantomize"
			},
			"if_action": {
				"type": "origins:change_resource",
				"resource": "sub_origins:phantom_meter",
				"change": -1
			},
			"else_action": {
				"type": "origins:change_resource",
				"resource": "sub_origins:phantom_meter",
				"change": 1
			}
		}
	},
	"name": "Corporeal",
	"description": "Phantomizing consumes phantom power. Stop phantomizing to recover it."
}