{
	"name": "Cave Dweller",
	"description": "To better move through small spaces, you are half your normal size.",
	"type": "origins:action_on_callback",
	"entity_action_added": {
		"type": "origins:and",
		"actions": [
			{
				"type": "origins:execute_command",
				"command": "scale divide pehkui:height 2 @s",
				"permission_level": 4
			},
			{
				"type": "origins:execute_command",
				"command": "scale divide pehkui:width 2 @s",
				"permission_level": 4
			}
		]
	},
	"entity_action_removed": {
		"type": "origins:and",
		"actions": [
			{
				"type": "origins:execute_command",
				"command": "scale multiply pehkui:height 2 @s",
				"permission_level": 4
			},
			{
				"type": "origins:execute_command",
				"command": "scale multiply pehkui:width 2 @s",
				"permission_level": 4
			}
		]
	}
}