{
  "type": "origins:modify_damage_dealt",
  "condition": {
	"type": "origins:and",
	"conditions": [
	  {
		"type": "origins:power_active",
        "power": "*:phantomize"
	  },
	  {
		"type": "origins:resource",
		"resource": "sub_origins:phantom_meter",
		"comparison": ">",
		"compare_to": 0
	  }
	]
  },
  "modifier": {
    "name": "Additional damage while phantomized",
    "value": 2,
    "operation": "addition"
  },
  "name": "Wraith's Fury",
  "description": "When phantomized, you deal more damage with your attacks."
}