{
  "name": "Incorporeal",
  "description": "While phantomized, you can walk through solid material.",
  "type": "origins:phasing",
  "blacklist": true,
  "render_type": "blindness",
  "view_distance": 10,
  "block_condition": {
    "type": "origins:block",
    "block": "minecraft:bedrock"
  },
  "phase_down_condition": {
    "type": "origins:and",
    "conditions": [
      {
        "type": "origins:sneaking"
      },
      {
        "type": "origins:on_block"
      }
    ]
  },
  "condition": {
    "type": "origins:power_active",
    "power": "origins:phantomize"
  }
}