{
  "name": "Warp",
  "description": "Whenever you want, you may throw an ender pearl which deals no damage, allowing you to teleport. This takes 3 times as long to recharge compared to a Common Enderian.",
  "type": "origins:fire_projectile",
  "cooldown": 90,
  "hud_render": {
    "bar_index": 6
  },
  "entity_type": "origins:enderian_pearl",
  "sound": "minecraft:entity.ender_pearl.throw",
  "speed": 1.5,
  "divergence": 1,
  "key": {
    "key": "key.origins.primary_active",
    "continuous": false
  }
}