{
    "type": "origins:active_self",
    "name": "Tye-Dye",
    "description": "Press G while holding dye to use it on yourself, changing your Wool Color and making any Wool you make by shearing yourself be of that color!",
    "key": "primary",
    "condition": {
        "type": "origins:equipped_item",
        "equipment_slot": "mainhand",
        "item_condition": {
            "conditions": [
                {
                    "type": "origins:ingredient",
                    "ingredient": {
                        "item": "minecraft:white_dye"
                    },
                    "inverted": false
                },
                {
                    "type": "origins:ingredient",
                    "ingredient": {
                        "item": "minecraft:orange_dye"
                    },
                    "inverted": false
                },
                {
                    "type": "origins:ingredient",
                    "ingredient": {
                        "item": "minecraft:magenta_dye"
                    },
                    "inverted": false
                },
                {
                    "type": "origins:ingredient",
                    "ingredient": {
                        "item": "minecraft:light_blue_dye"
                    },
                    "inverted": false
                },
                {
                    "type": "origins:ingredient",
                    "ingredient": {
                        "item": "minecraft:yellow_dye"
                    },
                    "inverted": false
                },
                {
                    "type": "origins:ingredient",
                    "ingredient": {
                        "item": "minecraft:lime_dye"
                    },
                    "inverted": false
                },
                {
                    "type": "origins:ingredient",
                    "ingredient": {
                        "item": "minecraft:pink_dye"
                    },
                    "inverted": false
                },
                {
                    "type": "origins:ingredient",
                    "ingredient": {
                        "item": "minecraft:gray_dye"
                    },
                    "inverted": false
                },
                {
                    "type": "origins:ingredient",
                    "ingredient": {
                        "item": "minecraft:light_gray_dye"
                    },
                    "inverted": false
                },
                {
                    "type": "origins:ingredient",
                    "ingredient": {
                        "item": "minecraft:cyan_dye"
                    },
                    "inverted": false
                },
                {
                    "type": "origins:ingredient",
                    "ingredient": {
                        "item": "minecraft:purple_dye"
                    },
                    "inverted": false
                },
                {
                    "type": "origins:ingredient",
                    "ingredient": {
                        "item": "minecraft:blue_dye"
                    },
                    "inverted": false
                },
                {
                    "type": "origins:ingredient",
                    "ingredient": {
                        "item": "minecraft:brown_dye"
                    },
                    "inverted": false
                },
                {
                    "type": "origins:ingredient",
                    "ingredient": {
                        "item": "minecraft:green_dye"
                    },
                    "inverted": false
                },
                {
                    "type": "origins:ingredient",
                    "ingredient": {
                        "item": "minecraft:red_dye"
                    },
                    "inverted": false
                },
                {
                    "type": "origins:ingredient",
                    "ingredient": {
                        "item": "minecraft:black_dye"
                    },
                    "inverted": false
                }
            ],
            "type": "origins:or",
            "inverted": false
        },
        "inverted": false
    },
    "entity_action": {
        "actions": [
            {
                "actions": [
                    {
                        "type": "origins:change_resource",
                        "resource": "woolorigin:onorange",
                        "change": -1
                    },
                    {
                        "type": "origins:change_resource",
                        "resource": "woolorigin:onblack",
                        "change": -1
                    },
                    {
                        "type": "origins:change_resource",
                        "resource": "woolorigin:onblue",
                        "change": -1
                    },
                    {
                        "type": "origins:change_resource",
                        "resource": "woolorigin:onbrown",
                        "change": -1
                    },
                    {
                        "type": "origins:change_resource",
                        "resource": "woolorigin:oncyan",
                        "change": -1
                    },
                    {
                        "type": "origins:change_resource",
                        "resource": "woolorigin:ongray",
                        "change": -1
                    },
                    {
                        "type": "origins:change_resource",
                        "resource": "woolorigin:ongreen",
                        "change": -1
                    },
                    {
                        "type": "origins:change_resource",
                        "resource": "woolorigin:onlightblue",
                        "change": -1
                    },
                    {
                        "type": "origins:change_resource",
                        "resource": "woolorigin:onlightgray",
                        "change": -1
                    },
                    {
                        "type": "origins:change_resource",
                        "resource": "woolorigin:onlime",
                        "change": -1
                    },
                    {
                        "type": "origins:change_resource",
                        "resource": "woolorigin:onmagenta",
                        "change": -1
                    },
                    {
                        "type": "origins:change_resource",
                        "resource": "woolorigin:onpink",
                        "change": -1
                    },
                    {
                        "type": "origins:change_resource",
                        "resource": "woolorigin:onpurple",
                        "change": -1
                    },
                    {
                        "type": "origins:change_resource",
                        "resource": "woolorigin:onred",
                        "change": -1
                    },
                    {
                        "type": "origins:change_resource",
                        "resource": "woolorigin:onwhite",
                        "change": -1
                    },
                    {
                        "type": "origins:change_resource",
                        "resource": "woolorigin:onyellow",
                        "change": -1
                    }
                ],
                "type": "origins:and"
            },
            {
                "type": "origins:if_else",
                "condition": {
                    "type": "origins:equipped_item",
                    "equipment_slot": "mainhand",
                    "item_condition": {
                        "type": "origins:ingredient",
                        "ingredient": {
                            "item": "minecraft:white_dye"
                        },
                        "inverted": false
                    },
                    "inverted": false
                },
                "if_action": {
                    "actions": [
                        {
                            "type": "origins:change_resource",
                            "resource": "woolorigin:onwhite",
                            "change": 1
                        },
                        {
                            "type": "origins:execute_command",
                            "permission_level": 4,
                            "command": "clear @s minecraft:white_dye 1"
                        },
                        {
                            "type": "origins:execute_command",
                            "permission_level": 4,
                            "command": "playsound minecraft:item.dye.use neutral @s ~ ~ ~ 100"
                        }
                    ],
                    "type": "origins:and"
                }
            },
            {
                "type": "origins:if_else",
                "condition": {
                    "type": "origins:equipped_item",
                    "equipment_slot": "mainhand",
                    "item_condition": {
                        "type": "origins:ingredient",
                        "ingredient": {
                            "item": "minecraft:orange_dye"
                        },
                        "inverted": false
                    },
                    "inverted": false
                },
                "if_action": {
                    "actions": [
                        {
                            "type": "origins:change_resource",
                            "resource": "woolorigin:onorange",
                            "change": 1
                        },
                        {
                            "type": "origins:execute_command",
                            "permission_level": 4,
                            "command": "clear @s minecraft:orange_dye 1"
                        },
                        {
                            "type": "origins:execute_command",
                            "permission_level": 4,
                            "command": "playsound minecraft:item.dye.use neutral @s ~ ~ ~ 100"
                        }
                    ],
                    "type": "origins:and"
                }
            },
            {
                "type": "origins:if_else",
                "condition": {
                    "type": "origins:equipped_item",
                    "equipment_slot": "mainhand",
                    "item_condition": {
                        "type": "origins:ingredient",
                        "ingredient": {
                            "item": "minecraft:magenta_dye"
                        },
                        "inverted": false
                    },
                    "inverted": false
                },
                "if_action": {
                    "actions": [
                        {
                            "type": "origins:change_resource",
                            "resource": "woolorigin:onmagenta",
                            "change": 1
                        },
                        {
                            "type": "origins:execute_command",
                            "permission_level": 4,
                            "command": "clear @s minecraft:magenta_dye 1"
                        },
                        {
                            "type": "origins:execute_command",
                            "permission_level": 4,
                            "command": "playsound minecraft:item.dye.use neutral @s ~ ~ ~ 100"
                        }
                    ],
                    "type": "origins:and"
                }
            },
            {
                "type": "origins:if_else",
                "condition": {
                    "type": "origins:equipped_item",
                    "equipment_slot": "mainhand",
                    "item_condition": {
                        "type": "origins:ingredient",
                        "ingredient": {
                            "item": "minecraft:light_blue_dye"
                        },
                        "inverted": false
                    },
                    "inverted": false
                },
                "if_action": {
                    "actions": [
                        {
                            "type": "origins:change_resource",
                            "resource": "woolorigin:onlightblue",
                            "change": 1
                        },
                        {
                            "type": "origins:execute_command",
                            "permission_level": 4,
                            "command": "clear @s minecraft:light_blue_dye 1"
                        },
                        {
                            "type": "origins:execute_command",
                            "permission_level": 4,
                            "command": "playsound minecraft:item.dye.use neutral @s ~ ~ ~ 100"
                        }
                    ],
                    "type": "origins:and"
                }
            },
            {
                "type": "origins:if_else",
                "condition": {
                    "type": "origins:equipped_item",
                    "equipment_slot": "mainhand",
                    "item_condition": {
                        "type": "origins:ingredient",
                        "ingredient": {
                            "item": "minecraft:yellow_dye"
                        },
                        "inverted": false
                    },
                    "inverted": false
                },
                "if_action": {
                    "actions": [
                        {
                            "type": "origins:change_resource",
                            "resource": "woolorigin:onyellow",
                            "change": 1
                        },
                        {
                            "type": "origins:execute_command",
                            "permission_level": 4,
                            "command": "clear @s minecraft:yellow_dye 1"
                        },
                        {
                            "type": "origins:execute_command",
                            "permission_level": 4,
                            "command": "playsound minecraft:item.dye.use neutral @s ~ ~ ~ 100"
                        }
                    ],
                    "type": "origins:and"
                }
            },
            {
                "type": "origins:if_else",
                "condition": {
                    "type": "origins:equipped_item",
                    "equipment_slot": "mainhand",
                    "item_condition": {
                        "type": "origins:ingredient",
                        "ingredient": {
                            "item": "minecraft:lime_dye"
                        },
                        "inverted": false
                    },
                    "inverted": false
                },
                "if_action": {
                    "actions": [
                        {
                            "type": "origins:change_resource",
                            "resource": "woolorigin:onlime",
                            "change": 1
                        },
                        {
                            "type": "origins:execute_command",
                            "permission_level": 4,
                            "command": "clear @s minecraft:lime_dye 1"
                        },
                        {
                            "type": "origins:execute_command",
                            "permission_level": 4,
                            "command": "playsound minecraft:item.dye.use neutral @s ~ ~ ~ 100"
                        }
                    ],
                    "type": "origins:and"
                }
            },
            {
                "type": "origins:if_else",
                "condition": {
                    "type": "origins:equipped_item",
                    "equipment_slot": "mainhand",
                    "item_condition": {
                        "type": "origins:ingredient",
                        "ingredient": {
                            "item": "minecraft:pink_dye"
                        },
                        "inverted": false
                    },
                    "inverted": false
                },
                "if_action": {
                    "actions": [
                        {
                            "type": "origins:change_resource",
                            "resource": "woolorigin:onpink",
                            "change": 1
                        },
                        {
                            "type": "origins:execute_command",
                            "permission_level": 4,
                            "command": "clear @s minecraft:pink_dye 1"
                        },
                        {
                            "type": "origins:execute_command",
                            "permission_level": 4,
                            "command": "playsound minecraft:item.dye.use neutral @s ~ ~ ~ 100"
                        }
                    ],
                    "type": "origins:and"
                }
            },
            {
                "type": "origins:if_else",
                "condition": {
                    "type": "origins:equipped_item",
                    "equipment_slot": "mainhand",
                    "item_condition": {
                        "type": "origins:ingredient",
                        "ingredient": {
                            "item": "minecraft:gray_dye"
                        },
                        "inverted": false
                    },
                    "inverted": false
                },
                "if_action": {
                    "actions": [
                        {
                            "type": "origins:change_resource",
                            "resource": "woolorigin:ongray",
                            "change": 1
                        },
                        {
                            "type": "origins:execute_command",
                            "permission_level": 4,
                            "command": "clear @s minecraft:gray_dye 1"
                        },
                        {
                            "type": "origins:execute_command",
                            "permission_level": 4,
                            "command": "playsound minecraft:item.dye.use neutral @s ~ ~ ~ 100"
                        }
                    ],
                    "type": "origins:and"
                }
            },
            {
                "type": "origins:if_else",
                "condition": {
                    "type": "origins:equipped_item",
                    "equipment_slot": "mainhand",
                    "item_condition": {
                        "type": "origins:ingredient",
                        "ingredient": {
                            "item": "minecraft:light_gray_dye"
                        },
                        "inverted": false
                    },
                    "inverted": false
                },
                "if_action": {
                    "actions": [
                        {
                            "type": "origins:change_resource",
                            "resource": "woolorigin:onlightgray",
                            "change": 1
                        },
                        {
                            "type": "origins:execute_command",
                            "permission_level": 4,
                            "command": "clear @s minecraft:light_gray_dye 1"
                        },
                        {
                            "type": "origins:execute_command",
                            "permission_level": 4,
                            "command": "playsound minecraft:item.dye.use neutral @s ~ ~ ~ 100"
                        }
                    ],
                    "type": "origins:and"
                }
            },
            {
                "type": "origins:if_else",
                "condition": {
                    "type": "origins:equipped_item",
                    "equipment_slot": "mainhand",
                    "item_condition": {
                        "type": "origins:ingredient",
                        "ingredient": {
                            "item": "minecraft:cyan_dye"
                        },
                        "inverted": false
                    },
                    "inverted": false
                },
                "if_action": {
                    "actions": [
                        {
                            "type": "origins:change_resource",
                            "resource": "woolorigin:oncyan",
                            "change": 1
                        },
                        {
                            "type": "origins:execute_command",
                            "permission_level": 4,
                            "command": "clear @s minecraft:cyan_dye 1"
                        },
                        {
                            "type": "origins:execute_command",
                            "permission_level": 4,
                            "command": "playsound minecraft:item.dye.use neutral @s ~ ~ ~ 100"
                        }
                    ],
                    "type": "origins:and"
                }
            },
            {
                "type": "origins:if_else",
                "condition": {
                    "type": "origins:equipped_item",
                    "equipment_slot": "mainhand",
                    "item_condition": {
                        "type": "origins:ingredient",
                        "ingredient": {
                            "item": "minecraft:purple_dye"
                        },
                        "inverted": false
                    },
                    "inverted": false
                },
                "if_action": {
                    "actions": [
                        {
                            "type": "origins:change_resource",
                            "resource": "woolorigin:onpurple",
                            "change": 1
                        },
                        {
                            "type": "origins:execute_command",
                            "permission_level": 4,
                            "command": "clear @s minecraft:purple_dye 1"
                        },
                        {
                            "type": "origins:execute_command",
                            "permission_level": 4,
                            "command": "playsound minecraft:item.dye.use neutral @s ~ ~ ~ 100"
                        }
                    ],
                    "type": "origins:and"
                }
            },
            {
                "type": "origins:if_else",
                "condition": {
                    "type": "origins:equipped_item",
                    "equipment_slot": "mainhand",
                    "item_condition": {
                        "type": "origins:ingredient",
                        "ingredient": {
                            "item": "minecraft:blue_dye"
                        },
                        "inverted": false
                    },
                    "inverted": false
                },
                "if_action": {
                    "actions": [
                        {
                            "type": "origins:change_resource",
                            "resource": "woolorigin:onblue",
                            "change": 1
                        },
                        {
                            "type": "origins:execute_command",
                            "permission_level": 4,
                            "command": "clear @s minecraft:blue_dye 1"
                        },
                        {
                            "type": "origins:execute_command",
                            "permission_level": 4,
                            "command": "playsound minecraft:item.dye.use neutral @s ~ ~ ~ 100"
                        }
                    ],
                    "type": "origins:and"
                }
            },
            {
                "type": "origins:if_else",
                "condition": {
                    "type": "origins:equipped_item",
                    "equipment_slot": "mainhand",
                    "item_condition": {
                        "type": "origins:ingredient",
                        "ingredient": {
                            "item": "minecraft:brown_dye"
                        },
                        "inverted": false
                    },
                    "inverted": false
                },
                "if_action": {
                    "actions": [
                        {
                            "type": "origins:change_resource",
                            "resource": "woolorigin:onbrown",
                            "change": 1
                        },
                        {
                            "type": "origins:execute_command",
                            "permission_level": 4,
                            "command": "clear @s minecraft:brown_dye 1"
                        },
                        {
                            "type": "origins:execute_command",
                            "permission_level": 4,
                            "command": "playsound minecraft:item.dye.use neutral @s ~ ~ ~ 100"
                        }
                    ],
                    "type": "origins:and"
                }
            },
            {
                "type": "origins:if_else",
                "condition": {
                    "type": "origins:equipped_item",
                    "equipment_slot": "mainhand",
                    "item_condition": {
                        "type": "origins:ingredient",
                        "ingredient": {
                            "item": "minecraft:green_dye"
                        },
                        "inverted": false
                    },
                    "inverted": false
                },
                "if_action": {
                    "actions": [
                        {
                            "type": "origins:change_resource",
                            "resource": "woolorigin:ongreen",
                            "change": 1
                        },
                        {
                            "type": "origins:execute_command",
                            "permission_level": 4,
                            "command": "clear @s minecraft:green_dye 1"
                        },
                        {
                            "type": "origins:execute_command",
                            "permission_level": 4,
                            "command": "playsound minecraft:item.dye.use neutral @s ~ ~ ~ 100"
                        }
                    ],
                    "type": "origins:and"
                }
            },
            {
                "type": "origins:if_else",
                "condition": {
                    "type": "origins:equipped_item",
                    "equipment_slot": "mainhand",
                    "item_condition": {
                        "type": "origins:ingredient",
                        "ingredient": {
                            "item": "minecraft:red_dye"
                        },
                        "inverted": false
                    },
                    "inverted": false
                },
                "if_action": {
                    "actions": [
                        {
                            "type": "origins:change_resource",
                            "resource": "woolorigin:onred",
                            "change": 1
                        },
                        {
                            "type": "origins:execute_command",
                            "permission_level": 4,
                            "command": "clear @s minecraft:red_dye 1"
                        },
                        {
                            "type": "origins:execute_command",
                            "permission_level": 4,
                            "command": "playsound minecraft:item.dye.use neutral @s ~ ~ ~ 100"
                        }
                    ],
                    "type": "origins:and"
                }
            },
            {
                "type": "origins:if_else",
                "condition": {
                    "type": "origins:equipped_item",
                    "equipment_slot": "mainhand",
                    "item_condition": {
                        "type": "origins:ingredient",
                        "ingredient": {
                            "item": "minecraft:black_dye"
                        },
                        "inverted": false
                    },
                    "inverted": false
                },
                "if_action": {
                    "actions": [
                        {
                            "type": "origins:change_resource",
                            "resource": "woolorigin:onblack",
                            "change": 1
                        },
                        {
                            "type": "origins:execute_command",
                            "permission_level": 4,
                            "command": "clear @s minecraft:black_dye 1"
                        },
                        {
                            "type": "origins:execute_command",
                            "permission_level": 4,
                            "command": "playsound minecraft:item.dye.use neutral @s ~ ~ ~ 100"
                        }
                    ],
                    "type": "origins:and"
                }
            }
        ],
        "type": "origins:and"
    },
    "hud_render": {
        "should_render": false,
        "sprite_location": "origins:textures/gui/resource_bar.png",
        "bar_index": 1
    },
    "hidden": true,
    "cooldown": 1
}