{
    "type": "origins:model_color",
    "condition": {
        "type": "origins:and",
        "inverted": false,
        "conditions": [
            {
                "type": "origins:resource",
                "inverted": false,
                "comparison": "==",
                "resource": "woolorigin:onlightblue",
                "compare_to": 1
            },
            {
                "type": "origins:resource",
                "inverted": false,
                "comparison": "==",
                "resource": "woolorigin:woolresource",
                "compare_to": 1
            }
        ]
    },
    "red": 0.61372549019,
    "blue": 0.92745098039,
    "alpha": 1,
    "green": 0.85098039215,
    "hidden": true
}