{
	"powers": [
		"origins:aquatic",
		"origins:vegetarian",
		"origins:more_exhaustion",
		"origins:conduit_power_on_land",
		"turtle:adaptive_lungs",
		"origins:aqua_affinity",
		"origins:like_water",
		"turtle:small_swim_speed",
		"turtle:water_legs",
		"turtle:shielded",
		"turtle:long_lifespan",
		"turtle:long_lifespan_setup",
		"origins:no_shield"
	],
	"icon": "minecraft:kelp",
	"order": 10,
	"impact": 2,
	"name": "Turtling",
	"description": "Turtlings evolved from Sea Turtles and through their adaptations they can conquer both land and seas. It's natural protection and health makes it one of the most resiliant Origins out there at the cost of it's slowness, as well as both restricted and demanding diet."
}