{
    "type": "origins:active_self",
    "entity_action": {
        "type": "origins:execute_command",
        "command": "summon minecraft:pillager ~ ~ ~",
        "permission_level": 4
    },
    "hud_render": {
        "should_render": false,
		"bar_index": 0,
		"sprite_location": "origins:textures/gui/community/spiderkolo/resource_bar_01.png"
    },
	"key": {
        "key": "key.origins.primary_active"
    },
    "cooldown": 300,
    "name": "Backup Request",
    "description": "You can frequently call for pillager backup to assist you. (Primary Key)"
}