{
	"type": "origins:modify_damage_dealt",
	"item_condition": {
		"type": "origins:or",
		"conditions": [{
				"type": "origins:ingredient",
				"ingredient": {
					"item": "minecraft:wooden_sword"
				}
			},
			{
				"type": "origins:ingredient",
				"ingredient": {
					"item": "minecraft:stone_sword"
				}
			},
			{
				"type": "origins:ingredient",
				"ingredient": {
					"item": "minecraft:iron_sword"
				}
			},
			{
				"type": "origins:ingredient",
				"ingredient": {
					"item": "minecraft:diamond_sword"
				}
			},
			{
				"type": "origins:ingredient",
				"ingredient": {
					"item": "minecraft:netherite_sword"
				}
			}
		]
	},
	"modifier": {
		"operation": "addition",
		"value": -5.0
	},
	"name": "Sword Weakness",
	"description": "You are not supposed to use a sword, as it makes the boss mad. Just stick to axes."
}