{
	"type": "origins:modify_damage_dealt",
	"item_condition": {
		"type": "origins:or",
		"conditions": [{
				"type": "origins:ingredient",
				"ingredient": {
					"item": "minecraft:wooden_axe"
				}
			},
			{
				"type": "origins:ingredient",
				"ingredient": {
					"item": "minecraft:stone_axe"
				}
			},
			{
				"type": "origins:ingredient",
				"ingredient": {
					"item": "minecraft:iron_axe"
				}
			},
			{
				"type": "origins:ingredient",
				"ingredient": {
					"item": "minecraft:diamond_axe"
				}
			},
			{
				"type": "origins:ingredient",
				"ingredient": {
					"item": "minecraft:netherite_axe"
				}
			}
		]
	},
	"modifier": {
		"operation": "addition",
		"value": 5
	},
	"name": "Melee Strength",
	"description": "You now as a vindicator deal more damage with an axe as that is your weapon now"
}