{
	"type": "origins:modify_damage_dealt",
	"item_condition": {
		"type": "origins:or",
		"conditions": [{
				"type": "origins:ingredient",
				"ingredient": {
					"item": "minecraft:wooden_sword"
				}
			},
			{
				"type": "origins:ingredient",
				"ingredient": {
					"item": "minecraft:wooden_axe"
				}
			},
			{
				"type": "origins:ingredient",
				"ingredient": {
					"item": "minecraft:wooden_pickaxe"
				}
			},
			{
				"type": "origins:ingredient",
				"ingredient": {
					"item": "minecraft:wooden_shovel"
				}
			},
			{
				"type": "origins:ingredient",
				"ingredient": {
					"item": "minecraft:wooden_hoe"
				}
			},
			{
				"type": "origins:ingredient",
				"ingredient": {
					"item": "minecraft:stone_sword"
				}
			},
			{
				"type": "origins:ingredient",
				"ingredient": {
					"item": "minecraft:stone_axe"
				}
			},
			{
				"type": "origins:ingredient",
				"ingredient": {
					"item": "minecraft:stone_pickaxe"
				}
			},
			{
				"type": "origins:ingredient",
				"ingredient": {
					"item": "minecraft:stone_shovel"
				}
			},
			{
				"type": "origins:ingredient",
				"ingredient": {
					"item": "minecraft:stone_hoe"
				}
			},
			{
				"type": "origins:ingredient",
				"ingredient": {
					"item": "minecraft:iron_sword"
				}
			},
			{
				"type": "origins:ingredient",
				"ingredient": {
					"item": "minecraft:iron_axe"
				}
			},
			{
				"type": "origins:ingredient",
				"ingredient": {
					"item": "minecraft:iron_pickaxe"
				}
			},
			{
				"type": "origins:ingredient",
				"ingredient": {
					"item": "minecraft:iron_shovel"
				}
			},
			{
				"type": "origins:ingredient",
				"ingredient": {
					"item": "minecraft:iron_hoe"
				}
			},
			{
				"type": "origins:ingredient",
				"ingredient": {
					"item": "minecraft:diamond_sword"
				}
			},
			{
				"type": "origins:ingredient",
				"ingredient": {
					"item": "minecraft:diamond_axe"
				}
			},
			{
				"type": "origins:ingredient",
				"ingredient": {
					"item": "minecraft:diamond_pickaxe"
				}
			},
			{
				"type": "origins:ingredient",
				"ingredient": {
					"item": "minecraft:diamond_shovel"
				}
			},
			{
				"type": "origins:ingredient",
				"ingredient": {
					"item": "minecraft:diamond_hoe"
				}
			},
			{
				"type": "origins:ingredient",
				"ingredient": {
					"item": "minecraft:netherite_sword"
				}
			},
			{
				"type": "origins:ingredient",
				"ingredient": {
					"item": "minecraft:netherite_axe"
				}
			},
			{
				"type": "origins:ingredient",
				"ingredient": {
					"item": "minecraft:netherite_pickaxe"
				}
			},
			{
				"type": "origins:ingredient",
				"ingredient": {
					"item": "minecraft:netherite_shovel"
				}
			},
			{
				"type": "origins:ingredient",
				"ingredient": {
					"item": "minecraft:netherite_hoe"
				}
			}
		]
	},
	"modifier": {
		"operation": "addition",
		"value": -2.0
	},
	"name": "Melee Weakness",
	"description": "You are meant to stay from afar and shoot. You deliver weaker attacks when disobeying the boss and going in for melee attacks."
}