{
    "type": "origins:multiple",
    "life": {
        "type": "origins:prevent_death",
        "entity_action": {
            "type": "origins:and",
            "actions": [{
                    "type": "origins:clear_effect"
                },
                {
                    "type": "origins:apply_effect",
                    "effects": [{
                            "effect": "minecraft:regeneration",
                            "amplifier": 1,
                            "duration": 900
                        },
                        {
                            "effect": "minecraft:fire_resistance",
                            "duration": 800
                        },
                        {
                            "effect": "minecraft:absorption",
                            "amplifier": 2,
                            "duration": 200
                        }
                    ]
                },
                {
                    "type": "origins:change_resource",
                    "resource": "*:*_resource",
                    "change": 1
                },
                {
                    "type": "origins:play_sound",
                    "sound": "minecraft:item.totem.use"
                },
                {
                    "type": "origins:execute_command",
                    "command": "/particle minecraft:totem_of_undying ~ ~ ~ 1 1.3 1 0.15 350 force",
                    "permission_level": 4
                }
            ]
        },
        "condition": {
            "type": "origins:resource",
            "resource": "*:*_resource",
            "comparison": "==",
            "compare_to": 0
        }
    },
    "reset": {
        "type": "origins:action_on_callback",
        "entity_action_chosen": {
            "type": "origins:change_resource",
            "resource": "*:*_resource",
            "change": -1
        },
        "entity_action_respawned": {
            "type": "origins:change_resource",
            "resource": "*:*_resource",
            "change": -1
        },
        "condition": {
            "type": "origins:resource",
            "resource": "*:*_resource",
            "comparison": "==",
            "compare_to": 1
        }
    },
    "resource": {
        "type": "origins:resource",
        "min": 0,
        "max": 1,
        "hud_render": {
            "should_render": false
        }
    },
    "name": "Totem Magic",
    "description": "You carry the stashes of totems the boss gave you. You can only use one once per life."
}