{
    "type": "origins:active_self",
    "name": "Vex Summon",
    "description": "Summon 3 vexes like any other evoker to defend you",
    "entity_action": {
        "type": "origins:and",
        "actions": [{
                "type": "origins:execute_command",
                "command": "summon minecraft:vex",
                "permission_level": 4
            },
            {
                "type": "origins:execute_command",
                "command": "summon minecraft:vex",
                "permission_level": 4
            },
            {
                "type": "origins:execute_command",
                "command": "summon minecraft:vex",
                "permission_level": 4
            }
        ]
    },
    "key": {
        "key": "key.origins.secondary_active"
    },
    "hud_render": {
        "should_render": true,
        "bar_index": 0,
        "sprite_location": "origins:textures/gui/community/spiderkolo/resource_bar_02.png"
    },
    "cooldown": 400
}