{
	"powers": [
		"pillager:allies",
		"pillager:friendlyfoes",
		"pillager:shield",
		"pillager:golem",
		"pillager:evoker/fangs",
		"pillager:evoker/health",
		"pillager:evoker/meleeweak",
		"pillager:evoker/totem",
		"pillager:evoker/magictouch",
		"pillager:evoker/vex",
		"pillager:evoker/angryvex"
	],
	"unchoosable": true,
	"icon": "minecraft:totem_of_undying",
	"order": 15,
	"impact": 3,
	"name": "Evoker",
	"description": "You are a high tier illager who specializes in combat with magic."
}