{
	"powers": [
		"pillager:pillager/crossbow",
		"pillager:shield",
		"pillager:pillager/sword",
		"pillager:friendlyfoes",
		"pillager:golem",
		"pillager:allies"
	],
	"icon": "minecraft:crossbow",
	"order": 3,
	"impact": 1,
	"name": "Pillager",
	"description": "You are the lowest of all illagers, trying desperately to get a raise in the illager ranks.",
	"upgrades": [{
        "origin": "pillager:vindicator",
		"condition": "pillager:upgrade/axe",
		"announcement": "You have gotten a promotion in the illager ranks. Check your origin sometime soon..."
    }]
}