{
	"powers": [
		"pillager:vindicator/vindicatorone",
		"pillager:vindicator/vindicatortwo",
		"pillager:friendlyfoes",
		"pillager:golem",
		"pillager:vindicator/summon",
		"pillager:allies"
	],
	"unchoosable": true,
	"icon": "minecraft:iron_axe",
	"order": 10,
	"impact": 2,
	"name": "Vindicator",
	"description": "You are a middle tier illager who shines in melee combat with an axe.",
	"upgrades": [{
        "origin": "pillager:evoker",
		"condition": "pillager:upgrade/totem_of_undying",
		"announcement": "You have gotten a promotion in the illager ranks. Check your origin sometime soon..."
    }]
}