{
  "name": "Allied Help",
  "description": "Being near one of your illager allies gives you some buffs.",
  "type": "origins:stacking_status_effect",
  "min_stacks": 0,
  "max_stacks": 1,
  "duration_per_stack": 60,
  "effects": [
    {
      "effect": "minecraft:regeneration",
      "amplifier": 0,
      "is_ambient": true,
      "show_particles": false,
      "show_icon": false
    },
    {
      "effect": "minecraft:speed",
      "amplifier": 1,
      "is_ambient": true,
      "show_particles": false,
      "show_icon": false
    },
    {
      "effect": "minecraft:strength",
	  "amplifier": 0,
      "is_ambient": true,
      "show_particles": false,
      "show_icon": false
    }
  ],
  "condition": {
    "type": "origins:or",
    "conditions": [
      {
        "type": "origins:command",
        "command": "execute if entity @e[type=#pillager:illager,distance=..8]",
        "comparison": ">=",
        "compare_to": 1
      }
    ]
  }
}