{
	"name": "Sub-Origin",
	"replace": false,
	"order": 1,
	"enabled": true,
	"origins": [
		{
			"condition": {
				"type": "origins:origin",
				"origin": "sub_origins:arachnid",
				"layer": "origins:origin"
			},
			"origins": [
				"sub_origins:common_arachnid",
				"sub_origins:cave_arachnid",
				"sub_origins:toxic_arachnid"
			]
		},
		{
			"condition": {
				"type": "origins:origin",
				"origin": "sub_origins:avian",
				"layer": "origins:origin"
			},
			"origins": [
				"sub_origins:common_avian",
				"sub_origins:predatory_avian",
				"sub_origins:aquatic_avian"
			]
		},
		{
			"condition": {
				"type": "origins:origin",
				"origin": "sub_origins:blazeborn",
				"layer": "origins:origin"
			},
			"origins": [
				"sub_origins:common_blazeborn",
				"sub_origins:igneous_blazeborn",
				"sub_origins:aerial_blazeborn"
			]
		},
		{
			"condition": {
				"type": "origins:origin",
				"origin": "sub_origins:elytrian",
				"layer": "origins:origin"
			},
			"origins": [
				"sub_origins:common_elytrian",
				"sub_origins:daredevil_elytrian",
				"sub_origins:armored_elytrian"
			]
		},
		{
			"condition": {
				"type": "origins:origin",
				"origin": "sub_origins:shulk",
				"layer": "origins:origin"
			},
			"origins": [
				"sub_origins:common_shulk",
				"sub_origins:armored_shulk",
				"sub_origins:city_shulk"
			]
		},
		{
			"condition": {
				"type": "origins:origin",
				"origin": "sub_origins:enderian",
				"layer": "origins:origin"
			},
			"origins": [
				"sub_origins:common_enderian",
				"sub_origins:warped_enderian",
				"sub_origins:high_enderian"
			]
		},
		{
			"condition": {
				"type": "origins:origin",
				"origin": "sub_origins:feline",
				"layer": "origins:origin"
			},
			"origins": [
				"sub_origins:common_feline",
				"sub_origins:subterranean_feline",
				"sub_origins:agile_feline"
			]
		},
		{
			"condition": {
				"type": "origins:origin",
				"origin": "sub_origins:merling",
				"layer": "origins:origin"
			},
			"origins": [
				"sub_origins:common_merling",
				"sub_origins:puffer_merling",
				"sub_origins:amphibious_merling"
			]
		},
		{
			"condition": {
				"type": "origins:origin",
				"origin": "sub_origins:phantom",
				"layer": "origins:origin"
			},
			"origins": [
				"sub_origins:common_phantom",
				"sub_origins:wraith_phantom",
				"sub_origins:ghost_phantom"
			]
		},
		{
			"condition": {
				"type": "origins:origin",
				"origin": "origins:human",
				"layer": "origins:origin"
			},
			"origins": [
				"sub_origins:human",
				"sub_origins:indecisive"
			]
		}
	],
	"allow_random": false,
	"exclude_random": [
	],
	"allow_random_unchoosable": false
}